{"p_x": 0.7447275136696738, "p_y": 0.07168579403831374, "orien_z": -0.058982202254426276, "orien_w": 0.9982590344280476}